model,granularity,freq,series_id,horizon,train_size,test_size,MAE,RMSE,MAPE,SMAPE
Naive,global,daily,global,14,168,14,4476.35693359375,5278.64111301384,3.7501352767239613,3.8214130806006392
SeasonalNaive,global,daily,global,14,168,14,10616.642578125,12576.82948918367,9.083842185110905,8.56318066781302
AutoARIMA,global,daily,global,14,168,14,4878.1376953125,6485.818067136944,4.093633266811537,4.218851813535675
AutoETS,global,daily,global,14,168,14,4691.10205078125,5707.368920965247,4.04318438793082,3.9516930898639018
Prophet,global,daily,global,14,168,14,19313.036765502802,19976.930489167433,16.52189502173453,15.172756937094745
Naive,global,weekly,global,4,23,4,212484.5,340141.8350747229,74.65445409893685,34.26770223287111
SeasonalNaive,global,weekly,global,4,23,4,318657.75,322775.6739285041,58.54465898753226,54.449559160924956
AutoARIMA,global,weekly,global,4,23,4,256635.578125,383227.0834687966,85.35228951865034,38.28407354259588
AutoETS,global,weekly,global,4,23,4,261464.515625,387210.9803401758,86.39492744898244,38.724952145049436
Prophet,global,weekly,global,4,23,4,262859.48926450394,388223.41893338395,86.6734448005225,38.855100850136346
Naive,category,daily,Ozon fresh,14,168,14,99.57142639160156,124.50530626869885,5.702615679635085,5.480521188206888
SeasonalNaive,category,daily,Ozon fresh,14,168,14,454.1428527832031,481.52555422843346,24.95962403756156,21.945883177555995
AutoARIMA,category,daily,Ozon fresh,14,168,14,135.90428161621094,145.29789577149768,7.674882589927957,7.359049588383105
AutoETS,category,daily,Ozon fresh,14,168,14,177.83755493164062,187.51084343645303,10.035947224355782,9.501093593909307
Prophet,category,daily,Ozon fresh,14,168,14,895.8139744123873,908.2803654988824,50.110324118422476,39.79626092585006
Naive,category,daily,Аксессуары,14,168,14,1100.7857666015625,1315.1885321124116,5.6567523869172485,5.871686590731608
SeasonalNaive,category,daily,Аксессуары,14,168,14,1060.642822265625,1243.8293190787874,5.6049962335239805,5.596141851594605
AutoARIMA,category,daily,Аксессуары,14,168,14,1122.773681640625,1277.9374006577943,5.825694062327595,5.992753668592316
AutoETS,category,daily,Аксессуары,14,168,14,870.0906982421875,1087.7512353474942,4.557737303863296,4.582413329172716
Prophet,category,daily,Аксессуары,14,168,14,1145.9674763850803,1376.814664940197,6.157592817537412,5.936134564889018
Naive,category,daily,Аптека,14,168,14,6.714285850524902,7.84674647266616,24.44045098323387,20.713648688252466
SeasonalNaive,category,daily,Аптека,14,168,14,7.4285712242126465,8.72598764682816,25.36915800275897,23.7607393661001
AutoARIMA,category,daily,Аптека,14,168,14,4.328566551208496,5.46425963109734,15.30633210852835,13.984844112674288
AutoETS,category,daily,Аптека,14,168,14,4.349989891052246,5.456039567977306,15.252318681785551,14.055112288916213
Prophet,category,daily,Аптека,14,168,14,4.517007998751448,5.362134000109945,15.622597826950773,14.610426862025339
Naive,category,daily,Детские товары,14,168,14,10.214285850524902,13.408419773604766,22.772818359698274,27.39897726903519
SeasonalNaive,category,daily,Детские товары,14,168,14,12.214285850524902,13.915561533161467,33.68008676696668,29.242979893302707
AutoARIMA,category,daily,Детские товары,14,168,14,8.892477035522461,9.782486614995115,24.581048322234984,22.11851925097582
AutoETS,category,daily,Детские товары,14,168,14,7.377457618713379,8.849334140017524,19.099067845308035,18.514237441165854
Prophet,category,daily,Детские товары,14,168,14,7.485553233400063,8.743814633061243,19.758084530126546,18.752019785910754
Naive,category,daily,Дом и сад,14,168,14,10.357142448425293,11.106625931731127,37.83934629130464,47.53192570927898
SeasonalNaive,category,daily,Дом и сад,14,168,14,6.214285850524902,7.869470744192469,22.730179646546354,23.411441893468382
AutoARIMA,category,daily,Дом и сад,14,168,14,3.808595895767212,4.2270981313497495,15.434151333068735,14.600031399604752
AutoETS,category,daily,Дом и сад,14,168,14,3.642857074737549,4.013016502911086,14.194642641058982,13.928269998435974
Prophet,category,daily,Дом и сад,14,168,14,3.5431952785241747,4.080629829382741,13.420501104635651,13.498239118362095
Naive,category,daily,Обувь,14,168,14,1257.2857666015625,1416.0999699879949,6.295872936673992,6.147629845201345
SeasonalNaive,category,daily,Обувь,14,168,14,2762.28564453125,3213.214434176468,13.971982680251763,12.74324344689585
AutoARIMA,category,daily,Обувь,14,168,14,879.1838989257812,1022.2739358899844,4.411815071490883,4.332815748749889
AutoETS,category,daily,Обувь,14,168,14,1531.5584716796875,1962.822139165951,7.895708010706455,7.406240080874062
Prophet,category,daily,Обувь,14,168,14,5609.70342127241,5799.69844304234,28.119939395324295,24.39013802808001
Naive,category,daily,Одежда,14,168,14,3266.71435546875,3788.3747174745004,4.215542746459259,4.321251708260601
SeasonalNaive,category,daily,Одежда,14,168,14,7291.71435546875,8625.753532300816,9.612381681078228,9.041631429726806
AutoARIMA,category,daily,Одежда,14,168,14,3119.545166015625,4119.251873823692,4.036190093638789,4.1593220463934175
AutoETS,category,daily,Одежда,14,168,14,2902.525146484375,3532.2456030123385,3.8447835891597317,3.7904530592903107
Prophet,category,daily,Одежда,14,168,14,11789.760887956929,12222.613679091142,15.570459739499896,14.36208613553995
Naive,category,daily,Спорт и отдых,14,168,14,32.85714340209961,39.43167733858623,17.24435216019984,19.460388924450992
SeasonalNaive,category,daily,Спорт и отдых,14,168,14,21.85714340209961,32.12920426343551,11.919280043426465,11.753909609793187
AutoARIMA,category,daily,Спорт и отдых,14,168,14,20.62928581237793,24.603604234107525,12.270961273608586,11.479401583556914
AutoETS,category,daily,Спорт и отдых,14,168,14,17.713693618774414,22.843255701731476,9.990072919635791,9.89537749797468
Prophet,category,daily,Спорт и отдых,14,168,14,23.73430394455924,27.58517104686983,13.658257533535387,13.0310137869366
Naive,category,daily,"Туризм, рыбалка, охота",14,168,14,32.14285659790039,43.02490932315401,17.222124333989168,19.113006143499053
SeasonalNaive,category,daily,"Туризм, рыбалка, охота",14,168,14,60.71428680419922,70.0,33.660390477787686,42.6729716305876
AutoARIMA,category,daily,"Туризм, рыбалка, охота",14,168,14,45.94517135620117,54.256090797917565,24.92469218699301,29.35660413056572
AutoETS,category,daily,"Туризм, рыбалка, охота",14,168,14,48.093318939208984,56.55296881022251,26.008917034614615,30.85308615700143
Prophet,category,daily,"Туризм, рыбалка, охота",14,168,14,59.802698566125464,68.04450535758319,32.60768460796478,40.40259201389338
Naive,category,weekly,Ozon fresh,4,23,4,5760.5,7627.882274917462,119.95312760945987,48.68040577902393
SeasonalNaive,category,weekly,Ozon fresh,4,23,4,6658.0,7222.598147481279,62.74844028799584,71.70201786907661
AutoARIMA,category,weekly,Ozon fresh,4,23,4,4701.15966796875,6379.438846795226,101.4409192027131,43.520337607456426
AutoETS,category,weekly,Ozon fresh,4,23,4,5760.4921875,7627.876244407745,119.95302829239769,48.68036620951406
Prophet,category,weekly,Ozon fresh,4,23,4,4247.118913323049,5947.314193404329,92.04197788838655,41.14248678092135
Naive,category,weekly,Аксессуары,4,23,4,24730.0,46711.22383325019,59.259863034639395,27.948621010165496
SeasonalNaive,category,weekly,Аксессуары,4,23,4,33998.0,37103.24276933217,51.66681505089845,37.39070631428155
AutoARIMA,category,weekly,Аксессуары,4,23,4,24730.0,46711.22383325019,59.259863034639395,27.948621010165496
AutoETS,category,weekly,Аксессуары,4,23,4,24517.4140625,46488.54172804305,58.911742707393444,27.812104647572962
Prophet,category,weekly,Аксессуары,4,23,4,31306.906107738476,51597.862516847796,68.11924287480032,32.26066764896275
Naive,category,weekly,Аптека,4,23,4,47.0,75.60092592025576,59.4271669600048,30.65420770500431
SeasonalNaive,category,weekly,Аптека,4,23,4,48.5,62.54198589747531,47.51518091462574,32.438382900300695
AutoARIMA,category,weekly,Аптека,4,23,4,56.89130401611328,70.25623443198832,57.79563988382127,36.23123748881113
AutoETS,category,weekly,Аптека,4,23,4,49.47132110595703,72.97845224576567,58.39749504499612,32.08029259706217
Prophet,category,weekly,Аптека,4,23,4,48.450232691768,75.50362932563691,59.57314157320719,31.390643652730375
Naive,category,weekly,Детские товары,4,23,4,78.25,101.43594037618027,59.45903135565563,35.78762873352173
SeasonalNaive,category,weekly,Детские товары,4,23,4,112.5,124.34428012578624,75.36858594874425,46.19161700675847
AutoARIMA,category,weekly,Детские товары,4,23,4,78.25,102.14460108713529,59.86673179364217,35.746806087551136
AutoETS,category,weekly,Детские товары,4,23,4,78.25,102.17931446573469,59.886256044520906,35.744840829685856
Prophet,category,weekly,Детские товары,4,23,4,77.63743871258863,95.98688500368512,55.84544070394794,35.89450966944485
Naive,category,weekly,Дом и сад,4,23,4,39.75,57.74296493946254,53.32369848075449,30.884608839413858
SeasonalNaive,category,weekly,Дом и сад,4,23,4,49.0,65.4408129533856,61.99732215299644,35.14236753581067
AutoARIMA,category,weekly,Дом и сад,4,23,4,40.59782409667969,66.99525184318102,60.298073445556355,30.43288101158252
AutoETS,category,weekly,Дом и сад,4,23,4,40.60846710205078,67.00715621763842,60.31032101611068,30.43764945903628
Prophet,category,weekly,Дом и сад,4,23,4,36.44819769681977,62.38835739188437,55.365372700632754,28.54277725089235
Naive,category,weekly,Обувь,4,23,4,45514.5,67157.43413800144,90.0149099934194,39.412477317555414
SeasonalNaive,category,weekly,Обувь,4,23,4,65419.25,68825.38694406302,59.7559919339413,64.86516455267117
AutoARIMA,category,weekly,Обувь,4,23,4,56539.7265625,78075.12771683438,105.60646589136348,44.66875697057049
AutoETS,category,weekly,Обувь,4,23,4,45515.3125,67157.98686679047,90.01582415411175,39.41291078855338
Prophet,category,weekly,Обувь,4,23,4,64054.19834058116,84095.0235813307,114.51837769801165,48.244536963656536
Naive,category,weekly,Одежда,4,23,4,137376.5,219002.9128573408,74.08162742883682,34.21867246423241
SeasonalNaive,category,weekly,Одежда,4,23,4,211792.0,215088.72781250067,59.53386829496261,55.93059914036145
AutoARIMA,category,weekly,Одежда,4,23,4,165632.578125,247950.36406506848,84.92809790094577,38.15652419589698
AutoETS,category,weekly,Одежда,4,23,4,165351.9375,247893.62157183472,84.87671926146282,38.11066407476195
Prophet,category,weekly,Одежда,4,23,4,164864.83850065008,247548.94935876585,84.72791611931243,38.039698427582586
Naive,category,weekly,Спорт и отдых,4,23,4,341.0,500.93263020090836,65.16968590380709,34.32480394088899
SeasonalNaive,category,weekly,Спорт и отдых,4,23,4,325.5,435.04195200003414,58.18697090311642,33.71852482271747
AutoARIMA,category,weekly,Спорт и отдых,4,23,4,330.6981506347656,488.911514233404,63.57548382785965,33.67127549365665
AutoETS,category,weekly,Спорт и отдых,4,23,4,320.923828125,486.12377860479114,62.68513932264095,32.984351835062775
Prophet,category,weekly,Спорт и отдых,4,23,4,297.8068788099367,457.5789427953514,58.896716261101055,31.500892693619726
Naive,category,weekly,"Туризм, рыбалка, охота",4,23,4,324.5,357.65206556093034,35.54477400793789,41.49772546332724
SeasonalNaive,category,weekly,"Туризм, рыбалка, охота",4,23,4,823.5,863.5418345395897,93.50417463276548,176.25749084846234
AutoARIMA,category,weekly,"Туризм, рыбалка, охота",4,23,4,323.89715576171875,347.75561641762164,37.26150458537922,41.41529995398025
AutoETS,category,weekly,"Туризм, рыбалка, охота",4,23,4,333.4824523925781,359.75605884404507,37.4708333986572,42.92990983195311
Prophet,category,weekly,"Туризм, рыбалка, охота",4,23,4,342.54392766596607,366.7150550475365,38.765730005571776,44.34875545009509
Naive,item,daily,12282978,14,71,14,0.0,0.0,,
SeasonalNaive,item,daily,12282978,14,71,14,0.0,0.0,,
AutoARIMA,item,daily,12282978,14,71,14,0.2112676054239273,0.24997519578669483,,200.0
AutoETS,item,daily,12282978,14,71,14,0.21168281137943268,0.2504664777818062,,200.0
Prophet,item,daily,12282978,14,71,14,0.1236684229507901,0.17541768752383605,,200.0
Naive,item,daily,15522509,14,70,14,0.2857142984867096,0.5345224957723572,100.0,200.0
SeasonalNaive,item,daily,15522509,14,70,14,0.2857142984867096,0.5345224957723572,100.0,200.0
AutoARIMA,item,daily,15522509,14,70,14,0.4265305697917938,0.45378232830259163,67.14285612106323,171.73579042904515
AutoETS,item,daily,15522509,14,70,14,0.727455198764801,0.8380787956024166,131.79761823266745,200.0
Prophet,item,daily,15522509,14,70,14,0.38287799117912824,0.42519578185610907,60.63654739960975,168.31057434299714
Naive,item,daily,16295780,14,32,14,1.2857142686843872,1.5118579258295657,92.85714285714286,166.66666666666666
SeasonalNaive,item,daily,16295780,14,32,14,1.2857142686843872,1.5118579258295657,89.28571428571429,166.66666666666666
AutoARIMA,item,daily,16295780,14,32,14,1.2522321939468384,1.4828587065593184,87.83482142857143,165.0356635607373
AutoETS,item,daily,16295780,14,32,14,1.2523103952407837,1.482890139316869,87.84654906817845,165.0404069648637
Prophet,item,daily,16295780,14,32,14,1.2408230502011504,1.4821396523773622,85.83244054375069,164.2092193613685
Naive,item,daily,22976973,14,166,14,0.7142857313156128,1.0,100.0,200.0
SeasonalNaive,item,daily,22976973,14,166,14,0.7142857313156128,1.0690449915447144,75.0,140.74074074074073
AutoARIMA,item,daily,22976973,14,166,14,0.6488842368125916,0.762057106966971,63.3731946349144,139.76513244633085
AutoETS,item,daily,22976973,14,166,14,0.6562377214431763,0.7646103577857456,64.44560699164867,140.81955148394258
Prophet,item,daily,22976973,14,166,14,0.6319959563153505,0.746476114700294,53.368177472954905,130.222045751207
Naive,item,daily,25222559,14,162,14,0.1428571492433548,0.3779644814573914,100.0,200.0
SeasonalNaive,item,daily,25222559,14,162,14,0.1428571492433548,0.3779644814573914,100.0,200.0
AutoARIMA,item,daily,25222559,14,162,14,0.19799895584583282,0.35019283517194244,90.32369181513786,194.57113634320967
AutoETS,item,daily,25222559,14,162,14,0.1943889558315277,0.35485331738708403,91.98394268751144,195.433124973377
Prophet,item,daily,25222559,14,162,14,0.1993652027963008,0.35435893445604155,91.10023488767925,195.03680895718566
Naive,item,daily,26735764,14,50,14,1.2857142686843872,1.5118579258295657,95.23809523809523,160.0
SeasonalNaive,item,daily,26735764,14,50,14,1.1428571939468384,1.5118579258295657,76.1904761904762,150.0
AutoARIMA,item,daily,26735764,14,50,14,1.1885713338851929,1.4911548976198545,82.28571528480167,154.32402905634828
AutoETS,item,daily,26735764,14,50,14,1.258789300918579,1.5542250669141415,87.26636114574615,158.29597766464718
Prophet,item,daily,26735764,14,50,14,1.1745389595291307,1.4963305222058811,80.48876513682724,152.94778227104604
Naive,item,daily,30226002,14,19,14,1.0,1.0690449915447144,83.33333333333333,159.52380952380952
SeasonalNaive,item,daily,30226002,14,19,14,1.0,1.0690449915447144,83.33333333333333,157.61904761904762
AutoARIMA,item,daily,30226002,14,19,14,0.9022555947303772,0.9410818657020964,81.70426062175206,152.96042001819183
AutoETS,item,daily,30226002,14,19,14,1.28193199634552,1.3870081639836866,102.47458237267675,189.0153874040627
Prophet,item,daily,30226002,14,19,14,1.5125463512996633,1.7257352735964129,119.3455554640946,197.84794442811688
Naive,item,daily,32541161,14,27,14,1.5,1.8322507812148563,100.0,180.95238095238096
SeasonalNaive,item,daily,32541161,14,27,14,1.6428571939468384,1.9820624265222389,114.28571428571428,184.76190476190476
AutoARIMA,item,daily,32541161,14,27,14,1.4629629850387573,1.8145718407367348,96.29629680088588,179.15057941927586
AutoETS,item,daily,32541161,14,27,14,1.4632502794265747,1.8146893005730032,96.32503305162702,179.16587040717326
Prophet,item,daily,32541161,14,27,14,1.4797047109462107,1.8219798360678818,97.97047109462108,180.0025309067921
Naive,item,daily,37083689,14,20,14,0.5714285969734192,0.7559289629147828,57.14285714285714,114.28571428571428
SeasonalNaive,item,daily,37083689,14,20,14,0.5714285969734192,0.7559289629147828,57.14285714285714,114.28571428571428
AutoARIMA,item,daily,37083689,14,20,14,0.5928570628166199,0.7566372518311612,59.285712242126465,116.37630467509273
AutoETS,item,daily,37083689,14,20,14,0.593011200428009,0.7566475319928682,59.301120894295835,116.39096828098798
Prophet,item,daily,37083689,14,20,14,0.6171005601990108,0.761708802423591,61.71005601990108,118.46625166247445
Naive,item,daily,40345287,14,133,14,0.1428571492433548,0.3779644814573914,100.0,200.0
SeasonalNaive,item,daily,40345287,14,133,14,0.3571428656578064,0.88640525082176,100.0,111.1111111111111
AutoARIMA,item,daily,40345287,14,133,14,0.2714598774909973,0.3386839225412565,66.98231846094131,181.997781034016
AutoETS,item,daily,40345287,14,133,14,0.35688909888267517,0.4056186354891659,57.19359815120697,178.1999068569298
Prophet,item,daily,40345287,14,133,14,0.2809643182277986,0.3385810747115068,61.904087772460095,179.93705458882567
Naive,item,daily,40819947,14,90,14,0.0714285746216774,0.2672612478861786,100.0,200.0
SeasonalNaive,item,daily,40819947,14,90,14,0.0714285746216774,0.2672612478861786,100.0,200.0
AutoARIMA,item,daily,40819947,14,90,14,0.0714285746216774,0.2672612478861786,100.0,200.0
AutoETS,item,daily,40819947,14,90,14,0.0714285746216774,0.2672612478861786,100.0,200.0
Prophet,item,daily,40819947,14,90,14,0.07142857142857142,0.2672612419124244,100.0,200.0
Naive,item,daily,45833252,14,149,14,0.0,0.0,,
SeasonalNaive,item,daily,45833252,14,149,14,0.1428571492433548,0.3779644814573914,,200.0
AutoARIMA,item,daily,45833252,14,149,14,0.1409395933151245,0.14093958582465937,,200.0
AutoETS,item,daily,45833252,14,149,14,0.14060279726982117,0.14060275908597555,,200.0
Prophet,item,daily,45833252,14,149,14,0.1530803222042094,0.16789709513380285,,200.0
Naive,item,daily,46234780,14,14,14,1.0,1.3627702689937,71.42857142857143,138.0952380952381
SeasonalNaive,item,daily,46234780,14,14,14,1.1428571939468384,1.4638500861555288,85.71428571428571,143.33333333333334
AutoARIMA,item,daily,46234780,14,14,14,1.0306122303009033,1.3417494764104867,77.55102089473179,140.8963587072671
AutoETS,item,daily,46234780,14,14,14,1.0559635162353516,1.3610741968187887,82.62127978461129,142.2697500760652
Prophet,item,daily,46234780,14,14,14,1.1458410231689882,1.4081965330529471,86.5682952105925,145.73418795571592
Naive,item,daily,46706856,14,112,14,0.0,0.0,,
SeasonalNaive,item,daily,46706856,14,112,14,0.2857142984867096,0.5345224957723572,,200.0
AutoARIMA,item,daily,46706856,14,112,14,0.14094388484954834,0.1462643751493017,,200.0
AutoETS,item,daily,46706856,14,112,14,0.18402168154716492,0.19096833367193874,,200.0
Prophet,item,daily,46706856,14,112,14,0.13408921335268725,0.16360973402005463,,200.0
Naive,item,daily,49680831,14,132,14,0.0,0.0,,
SeasonalNaive,item,daily,49680831,14,132,14,0.0,0.0,,
AutoARIMA,item,daily,49680831,14,132,14,0.02597402222454548,0.056110304147021874,,200.0
AutoETS,item,daily,49680831,14,132,14,0.025950120761990547,0.056058670776342974,,200.0
Prophet,item,daily,49680831,14,132,14,0.02257612028796108,0.053729601734630456,,200.0
Naive,item,daily,52610227,14,143,14,0.0714285746216774,0.2672612478861786,100.0,200.0
SeasonalNaive,item,daily,52610227,14,143,14,0.0714285746216774,0.2672612478861786,100.0,200.0
AutoARIMA,item,daily,52610227,14,143,14,0.1553446352481842,0.25889647072261096,90.20979031920433,197.45222932529757
AutoETS,item,daily,52610227,14,143,14,0.1552521288394928,0.25888541964878076,90.2205839753151,197.4547880054605
Prophet,item,daily,52610227,14,143,14,0.17662303688792064,0.24732010065633706,73.84982493072,194.07731413204965
Naive,item,daily,53783135,14,68,14,1.4285714626312256,2.0701966451221723,78.57142857142857,157.14285714285714
SeasonalNaive,item,daily,53783135,14,68,14,1.4285714626312256,2.0701966451221723,78.57142857142857,157.14285714285714
AutoARIMA,item,daily,53783135,14,68,14,1.5073529481887817,2.0771803465608545,86.44957968166896,163.7976928830184
AutoETS,item,daily,53783135,14,68,14,1.5072381496429443,2.077160030416932,86.43809727260044,163.78949772404337
Prophet,item,daily,53783135,14,68,14,1.4919308563718137,2.075899887584629,84.90737135146708,162.50626473226575
Naive,item,daily,56359936,14,104,14,0.5714285969734192,0.7559289629147828,0.0,177.77777777777777
SeasonalNaive,item,daily,56359936,14,104,14,0.2857142984867096,0.5345224957723572,100.0,200.0
AutoARIMA,item,daily,56359936,14,104,14,0.16257040202617645,0.2581240620953975,76.81296765804291,191.6343891791064
AutoETS,item,daily,56359936,14,104,14,0.2294921725988388,0.3023782173244197,69.97973322868347,189.73826071998553
Prophet,item,daily,56359936,14,104,14,0.2508645277374893,0.32999386843547474,68.69820184696218,189.4046307926232
Naive,item,daily,56867547,14,148,14,0.0,0.0,,
SeasonalNaive,item,daily,56867547,14,148,14,0.0,0.0,,
AutoARIMA,item,daily,56867547,14,148,14,0.025267405435442924,0.031957263369592113,,200.0
AutoETS,item,daily,56867547,14,148,14,0.02942805364727974,0.03712949709193902,,200.0
Prophet,item,daily,56867547,14,148,14,0.03381274081221076,0.0461939863136007,,200.0
Naive,item,daily,62367684,14,28,14,0.8571428656578064,1.0690449915447144,69.04761904761905,135.71428571428572
SeasonalNaive,item,daily,62367684,14,28,14,0.8571428656578064,1.0690449915447144,69.04761904761905,135.71428571428572
AutoARIMA,item,daily,62367684,14,28,14,0.8877550959587097,1.0532471039843365,72.78911698432196,138.7848942840729
AutoETS,item,daily,62367684,14,28,14,0.8878164291381836,1.053222146916167,72.79661013966515,138.79058538955553
Prophet,item,daily,62367684,14,28,14,0.933429015635218,1.074230890240964,77.01924746607477,142.18910634350965
Naive,item,daily,6775765,14,150,14,0.0714285746216774,0.2672612478861786,100.0,200.0
SeasonalNaive,item,daily,6775765,14,150,14,0.0714285746216774,0.2672612478861786,100.0,200.0
AutoARIMA,item,daily,6775765,14,150,14,0.3240998685359955,0.33942762746626326,65.46198725700378,192.6652672804774
AutoETS,item,daily,6775765,14,150,14,0.4037765562534332,0.4076039054837923,60.0674569606781,191.84657281042286
Prophet,item,daily,6775765,14,150,14,0.3714625729751507,0.3946429508214549,71.77220007946805,193.7103454191846
Naive,item,daily,68742107,14,14,14,1.3571428060531616,1.6690459514026799,83.33333333333333,164.28571428571428
SeasonalNaive,item,daily,68742107,14,14,14,1.3571428060531616,1.6690459514026799,83.33333333333333,164.28571428571428
AutoARIMA,item,daily,68742107,14,14,14,1.3622448444366455,1.663249645586892,84.18367306391399,164.89499583349357
AutoETS,item,daily,68742107,14,14,14,1.3622232675552368,1.663273082335035,84.18004569553193,164.89251307642135
Prophet,item,daily,68742107,14,14,14,1.3420223030095098,1.6496809168851216,82.96117972364353,163.27524521416368
Naive,item,daily,75484927,14,143,14,0.7857142686843872,0.9636240984048607,29.629629629629626,97.61904761904762
SeasonalNaive,item,daily,75484927,14,143,14,1.2142857313156128,1.3887301619217556,88.88888888888889,179.48717948717947
AutoARIMA,item,daily,75484927,14,143,14,0.9555445313453674,1.1691041358889607,71.45817125285112,144.35017199119252
AutoETS,item,daily,75484927,14,143,14,0.9246162176132202,1.1110225317667706,63.84068197674222,133.6693355878666
Prophet,item,daily,75484927,14,143,14,0.9044590892018685,1.0860540567769987,63.70813820404827,134.08805792986382
Naive,item,daily,76505941,14,104,14,0.0,0.0,,
SeasonalNaive,item,daily,76505941,14,104,14,0.0,0.0,,
AutoARIMA,item,daily,76505941,14,104,14,0.011755319312214851,0.01581514415383106,,200.0
AutoETS,item,daily,76505941,14,104,14,0.0401916541159153,0.04534229981987474,,200.0
Prophet,item,daily,76505941,14,104,14,0.06426888753661107,0.09266628945623091,,200.0
Naive,item,daily,76711646,14,136,14,0.6428571343421936,0.8017837204272693,,200.0
SeasonalNaive,item,daily,76711646,14,136,14,0.0714285746216774,0.2672612478861786,,200.0
AutoARIMA,item,daily,76711646,14,136,14,0.13235293328762054,0.1650731260370531,,200.0
AutoETS,item,daily,76711646,14,136,14,0.13198605179786682,0.16461553346640165,,200.0
Prophet,item,daily,76711646,14,136,14,0.08032760358923882,0.12754502846439494,,200.0
Naive,item,daily,81052301,14,150,14,0.2142857164144516,0.5976143117913144,100.0,200.0
SeasonalNaive,item,daily,81052301,14,150,14,0.5,0.8017837204272693,100.0,200.0
AutoARIMA,item,daily,81052301,14,150,14,0.3714284896850586,0.5579041979989228,83.50000008940697,192.01637238094656
AutoETS,item,daily,81052301,14,150,14,0.37098392844200134,0.5578982685304293,83.54668617248535,192.03554711861906
Prophet,item,daily,81052301,14,150,14,0.3813580346544879,0.5349777362833085,67.83552334330847,186.6490432339808
Naive,item,daily,92443681,14,93,14,0.8571428656578064,0.9258201043711496,0.0,171.42857142857142
SeasonalNaive,item,daily,92443681,14,93,14,0.2857142984867096,0.5345224957723572,50.0,160.0
AutoARIMA,item,daily,92443681,14,93,14,0.33753517270088196,0.3801242286814799,75.06172806024551,188.59401605661452
AutoETS,item,daily,92443681,14,93,14,0.5146734118461609,0.5151477107461742,49.39374029636383,180.79914187883278
Prophet,item,daily,92443681,14,93,14,0.47646070840244065,0.49265284128588416,59.16709716757198,183.52473166512232
Naive,item,daily,92835993,14,18,14,0.7142857313156128,1.0,54.76190476190476,107.14285714285714
SeasonalNaive,item,daily,92835993,14,18,14,0.7142857313156128,1.0,54.76190476190476,107.14285714285714
AutoARIMA,item,daily,92835993,14,18,14,0.79365074634552,0.9804077129438821,63.756613220487324,114.58646576929148
AutoETS,item,daily,92835993,14,18,14,0.7937594652175903,0.9803978943773752,63.768936622710456,114.5955696884058
Prophet,item,daily,92835993,14,18,14,0.7930533941642002,0.9656368959759065,64.48668674508382,115.16336179835132
Naive,item,daily,95490796,14,31,14,1.0,1.0690449915447144,84.52380952380952,136.1904761904762
SeasonalNaive,item,daily,95490796,14,31,14,1.0,1.1338934115182022,85.71428571428571,135.71428571428572
AutoARIMA,item,daily,95490796,14,31,14,1.0416247844696045,1.2038008537919427,79.87199936594281,138.83488697353644
AutoETS,item,daily,95490796,14,31,14,1.0,1.1090574750359175,78.35013135558083,136.1984168141814
Prophet,item,daily,95490796,14,31,14,1.0638819260565562,1.1113433298863369,86.60797493273067,139.75525882209624
Naive,item,daily,98301303,14,160,14,1.0714285373687744,1.10194633776587,58.33333333333333,183.33333333333331
SeasonalNaive,item,daily,98301303,14,160,14,0.6428571343421936,1.10194633776587,100.0,200.0
AutoARIMA,item,daily,98301303,14,160,14,0.571428656578064,0.8968198393762588,87.49999950329463,193.67588910546408
AutoETS,item,daily,98301303,14,160,14,0.571560800075531,0.8968079425585107,87.49228815237682,193.67243349637343
Prophet,item,daily,98301303,14,160,14,0.608385454671544,0.9033628378221484,87.21106812147701,193.52137774559242
Naive,item,weekly,15685802,4,23,4,0.5,1.0,100.0,200.0
SeasonalNaive,item,weekly,15685802,4,23,4,1.0,1.5811388300841898,50.0,133.33333333333331
AutoARIMA,item,weekly,15685802,4,23,4,0.95652174949646,0.9594815396972661,54.34782803058624,168.6567173340879
AutoETS,item,weekly,15685802,4,23,4,0.9581290483474731,0.9608697634758108,54.187098145484924,168.58103688230216
Prophet,item,weekly,15685802,4,23,4,1.0041049982411492,1.0041351259327804,49.9142368590339,166.62857149620268
Naive,item,weekly,16132318,4,22,4,0.0,0.0,,
SeasonalNaive,item,weekly,16132318,4,22,4,0.5,1.0,,200.0
AutoARIMA,item,weekly,16132318,4,22,4,0.48193272948265076,0.5688498304595654,,200.0
AutoETS,item,weekly,16132318,4,22,4,7.500749394421545e-21,8.661161047498219e-21,,200.0
Prophet,item,weekly,16132318,4,22,4,0.3009384053388304,0.3485186602187049,,200.0
Naive,item,weekly,19366431,4,23,4,0.5,1.0,100.0,200.0
SeasonalNaive,item,weekly,19366431,4,23,4,0.5,1.0,100.0,200.0
AutoARIMA,item,weekly,19366431,4,23,4,0.5,1.0,100.0,200.0
AutoETS,item,weekly,19366431,4,23,4,1.2715554237365723,1.3557581523894244,22.844457626342773,156.44757068287458
Prophet,item,weekly,19366431,4,23,4,4.095516550152163,4.153380153713499,146.5287214769183,171.1423631571443
Naive,item,weekly,19584524,4,18,4,4.25,4.5,173.73737373737373,114.58333333333333
SeasonalNaive,item,weekly,19584524,4,18,4,3.75,5.722761571129799,100.0,200.0
AutoARIMA,item,weekly,19584524,4,18,4,3.9323270320892334,4.621695910550542,125.87345104024867,114.63794944457631
AutoETS,item,weekly,19584524,4,18,4,5.879150390625,6.190551005599557,252.9128166160198,123.97479410479377
Prophet,item,weekly,19584524,4,18,4,3.4053072206888793,4.610816188946366,88.58566932421472,108.8904085440966
Naive,item,weekly,24906190,4,18,4,2.0,2.7386127875258306,71.875,54.87012987012987
SeasonalNaive,item,weekly,24906190,4,18,4,3.75,4.716990566028302,75.0,150.0
AutoARIMA,item,weekly,24906190,4,18,4,2.319638729095459,2.6929702090355416,129.87426072359085,58.924285911316254
AutoETS,item,weekly,24906190,4,18,4,2.318057060241699,2.7008157027753055,128.90411466360092,58.81975654777746
Prophet,item,weekly,24906190,4,18,4,2.3242796084924624,2.7047014940319922,129.39452679537703,58.923068792841484
Naive,item,weekly,30847962,4,23,4,14.25,15.46770829825802,213.85416666666669,66.03970741901777
SeasonalNaive,item,weekly,30847962,4,23,4,19.25,20.573040611440984,258.125,85.34515593339123
AutoARIMA,item,weekly,30847962,4,23,4,15.663042068481445,16.21049698196646,196.0439369082451,73.17117675646695
AutoETS,item,weekly,30847962,4,23,4,15.66002082824707,16.20841942039451,196.08202914396924,73.15535486689093
Prophet,item,weekly,30847962,4,23,4,16.229017668559003,16.608352824356906,186.83212294303178,76.34126169268104
Naive,item,weekly,36151983,4,15,4,0.75,0.8660254037844386,0.0,150.0
SeasonalNaive,item,weekly,36151983,4,15,4,0.25,0.5,100.0,200.0
AutoARIMA,item,weekly,36151983,4,15,4,1.1742970943450928,1.2170986823803474,64.60752487182617,162.20817981331436
AutoETS,item,weekly,36151983,4,15,4,1.33280348777771,1.4013797772735865,58.280348777770996,161.28238153881318
Prophet,item,weekly,36151983,4,15,4,3.1060557468050134,3.167844245120976,205.58699389186322,175.34437703723268
Naive,item,weekly,36520987,4,19,4,1.5,1.7320508075688772,33.33333333333333,83.33333333333333
SeasonalNaive,item,weekly,36520987,4,19,4,2.5,3.0,100.0,200.0
AutoARIMA,item,weekly,36520987,4,19,4,1.5,1.7320508075688772,33.33333333333333,83.33333333333333
AutoETS,item,weekly,36520987,4,19,4,1.5,1.6778780394961919,33.33333333333333,80.99283684107314
Prophet,item,weekly,36520987,4,19,4,1.6281566468723736,1.8474698475286226,36.53724950514267,86.39120231852964
Naive,item,weekly,45994731,4,17,4,2.0,2.345207879911715,200.0,166.66666666666669
SeasonalNaive,item,weekly,45994731,4,17,4,0.25,0.5,100.0,200.0
AutoARIMA,item,weekly,45994731,4,17,4,3.0913312435150146,3.615887731767279,319.195032119751,174.31922012254918
AutoETS,item,weekly,45994731,4,17,4,3.1800379753112793,3.7182914387046817,329.81367111206055,174.83391980930367
Prophet,item,weekly,45994731,4,17,4,3.174302320766909,3.711643437590622,329.1522792691805,174.8024645159836
Naive,item,weekly,50619137,4,17,4,3.5,4.358898943540674,65.55555555555554,42.5
SeasonalNaive,item,weekly,50619137,4,17,4,6.25,6.87386354243376,79.94949494949495,136.42857142857144
AutoARIMA,item,weekly,50619137,4,17,4,3.642136573791504,4.613458408762334,68.82269984543925,43.33832327497167
AutoETS,item,weekly,50619137,4,17,4,6.235422611236572,7.487089871237705,111.35327223575477,59.76257604864682
Prophet,item,weekly,50619137,4,17,4,2.69029725359488,2.8336240954050744,43.77217246263885,36.09450840847737
Naive,item,weekly,52993197,4,14,4,2.25,2.7838821814150108,139.82142857142856,51.248751248751255
SeasonalNaive,item,weekly,52993197,4,14,4,3.5,3.6742346141747673,136.3392857142857,82.1969696969697
AutoARIMA,item,weekly,52993197,4,14,4,2.25,2.683091384531392,119.84693718808037,52.94177975287686
AutoETS,item,weekly,52993197,4,14,4,2.25,2.683190905501092,119.78954366275244,52.946380738933854
Prophet,item,weekly,52993197,4,14,4,2.4344852984143825,3.6139189666952105,185.36146015483044,49.917883911379
Naive,item,weekly,60476740,4,23,4,0.75,0.8660254037844386,25.0,116.66666666666666
SeasonalNaive,item,weekly,60476740,4,23,4,0.75,1.118033988749895,100.0,200.0
AutoARIMA,item,weekly,60476740,4,23,4,1.5326199531555176,1.742533764833578,71.19649648666382,122.83614345866533
AutoETS,item,weekly,60476740,4,23,4,1.5260863304138184,1.736789980932125,70.70647478103638,122.70403340830592
Prophet,item,weekly,60476740,4,23,4,1.4251178276279715,1.6956628208252558,61.724597722576966,119.12949910202586
Naive,item,weekly,63236164,4,15,4,2.25,2.3979157616563596,125.0,135.0
SeasonalNaive,item,weekly,63236164,4,15,4,1.75,2.179449471770337,75.0,166.66666666666669
AutoARIMA,item,weekly,63236164,4,15,4,0.966176450252533,1.0770399742819075,35.25735139846802,116.90739255527775
AutoETS,item,weekly,63236164,4,15,4,0.9815090894699097,1.0935697679523952,36.57545447349548,117.15249628400156
Prophet,item,weekly,63236164,4,15,4,0.9375089430956585,1.034094947125533,35.1427455450528,117.51476979831743
Naive,item,weekly,65407346,4,20,4,0.0,0.0,,
SeasonalNaive,item,weekly,65407346,4,20,4,0.25,0.5,,200.0
AutoARIMA,item,weekly,65407346,4,20,4,0.6375000476837158,0.7361215964556206,,200.0
AutoETS,item,weekly,65407346,4,20,4,0.6360239386558533,0.734417203948523,,200.0
Prophet,item,weekly,65407346,4,20,4,0.6868670572666007,0.7931345337331239,,200.0
Naive,item,weekly,70760906,4,23,4,0.0,0.0,,
SeasonalNaive,item,weekly,70760906,4,23,4,0.0,0.0,,
AutoARIMA,item,weekly,70760906,4,23,4,0.7163543701171875,0.8174638605441502,,200.0
AutoETS,item,weekly,70760906,4,23,4,0.7023847699165344,0.7023847710126164,,200.0
Prophet,item,weekly,70760906,4,23,4,1.452270028555328,1.4527534398003736,,200.0
Naive,item,weekly,73632248,4,21,4,0.75,1.5,100.0,200.0
SeasonalNaive,item,weekly,73632248,4,21,4,0.75,1.5,100.0,200.0
AutoARIMA,item,weekly,73632248,4,21,4,1.711885929107666,1.7267110769287595,44.513460000356034,164.31424868045104
AutoETS,item,weekly,73632248,4,21,4,1.3329553604125977,1.363994684969707,61.13631327946981,172.01306717518943
Prophet,item,weekly,73632248,4,21,4,1.7148826366931473,1.730100867226509,44.436404365288325,164.28239177166878
Naive,item,weekly,75244438,4,23,4,1.25,1.8027756377319946,100.0,200.0
SeasonalNaive,item,weekly,75244438,4,23,4,1.5,1.8708286933869707,50.0,150.0
AutoARIMA,item,weekly,75244438,4,23,4,1.25,1.2990836214867902,47.46376574039459,131.7414945841798
AutoETS,item,weekly,75244438,4,23,4,1.25,1.299099496585777,47.39054640134175,131.6794344992641
Prophet,item,weekly,75244438,4,23,4,1.2166723581552525,1.3437931734100539,64.64080836897324,148.23951510990426
Naive,item,weekly,78425734,4,23,4,0.75,1.118033988749895,22.22222222222222,75.0
SeasonalNaive,item,weekly,78425734,4,23,4,1.25,1.6583123951777,100.0,155.55555555555557
AutoARIMA,item,weekly,78425734,4,23,4,0.7911745309829712,1.0971101644624932,27.522986465030247,77.90825808955566
AutoETS,item,weekly,78425734,4,23,4,0.8379087448120117,1.1699660456857524,35.89691585964627,88.0862910603471
Prophet,item,weekly,78425734,4,23,4,1.0349012406463738,1.1269754034271757,55.14907220144482,87.78240297899052
Naive,item,weekly,79387131,4,23,4,1.75,1.9364916731037085,70.83333333333333,155.0
SeasonalNaive,item,weekly,79387131,4,23,4,11.75,12.338962679253067,358.3333333333333,164.1711229946524
AutoARIMA,item,weekly,79387131,4,23,4,2.6033430099487305,3.1567222317481605,26.972504456837974,111.31720922438357
AutoETS,item,weekly,79387131,4,23,4,1.75,2.1414550508479615,23.177056511243187,114.61989956958271
Prophet,item,weekly,79387131,4,23,4,2.793722675484311,3.3566732252805886,33.315814853579134,113.32619384426144
Naive,item,weekly,81525446,4,23,4,2.5,2.7386127875258306,53.333333333333336,106.42857142857143
SeasonalNaive,item,weekly,81525446,4,23,4,3.75,4.2130748865881795,100.0,200.0
AutoARIMA,item,weekly,81525446,4,23,4,2.1417391300201416,2.4482922421463704,33.918842209710014,83.15581263545882
AutoETS,item,weekly,81525446,4,23,4,2.4198014736175537,2.6541544109003636,49.590729872385666,101.48941839149708
Prophet,item,weekly,81525446,4,23,4,2.1315103101804906,2.443947808835252,33.3998078097929,82.60815108165977
Naive,item,weekly,99028517,4,23,4,0.75,0.8660254037844386,0.0,150.0
SeasonalNaive,item,weekly,99028517,4,23,4,0.25,0.5,100.0,200.0
AutoARIMA,item,weekly,99028517,4,23,4,1.9036955833435059,1.975820831952178,99.65217113494873,166.62797415375147
AutoETS,item,weekly,99028517,4,23,4,1.28142249584198,1.3526062215388683,53.142249584198,160.49651918466543
Prophet,item,weekly,99028517,4,23,4,1.98207553912431,2.052889610077852,106.6187436408232,167.38620776649546
Naive,item,weekly,9973708,4,20,4,0.5,0.7071067811865476,16.666666666666664,66.66666666666666
SeasonalNaive,item,weekly,9973708,4,20,4,0.5,0.7071067811865476,50.0,88.88888888888889
AutoARIMA,item,weekly,9973708,4,20,4,0.6750000715255737,0.7889866934138914,45.83333532015483,96.68382175581016
AutoETS,item,weekly,9973708,4,20,4,0.6595839858055115,0.7758016193708339,32.62506524721782,74.01824041067046
Prophet,item,weekly,9973708,4,20,4,0.6683279601802878,0.8158671281137,30.662414828747288,72.28050504930013
Naive,item,weekly,99864238,4,21,4,0.0,0.0,,
SeasonalNaive,item,weekly,99864238,4,21,4,1.75,2.29128784747792,,200.0
AutoARIMA,item,weekly,99864238,4,21,4,0.7142857313156128,0.7142857108797346,,200.0
AutoETS,item,weekly,99864238,4,21,4,0.7195196747779846,0.7195196591913028,,200.0
Prophet,item,weekly,99864238,4,21,4,0.19427539973185864,0.20864200965210192,,200.0
